City_ID,City,Lat,Lng,Max Temp,Humidity,Cloudiness,Wind Speed,Country,Date
0,waitangi,-43.9535,-176.5597,13.23,91,100,8.99,NZ,1685909720
1,childress,34.4264,-100.204,27.14,47,20,3.44,US,1685909720
2,tara,56.8944,74.371,20.89,60,0,4.97,RU,1685909720
3,constantia,44.1833,28.65,13.38,53,95,9.91,RO,1685909645
4,polyarnyy,69.1989,33.4478,4.48,68,100,11.65,RU,1685909133
5,edinburgh of the seven seas,-37.0676,-12.3116,14.27,92,100,46.44,SH,1685909721
6,ugoofaaru,5.6667,73.0,28.02,80,100,21.9,MV,1685909722
7,port-aux-francais,-49.35,70.2167,7.55,94,100,38.54,TF,1685909722
8,grytviken,-54.2811,-36.5092,-0.48,95,98,7.61,GS,1685909722
9,adamstown,-25.066,-130.1015,21.95,71,45,11.32,PN,1685909723
10,lumphat,13.4878,106.9816,23.43,99,100,2.08,KH,1685909723
11,lompoc,34.6391,-120.4579,23.72,81,40,5.75,US,1685909231
12,ushuaia,-54.8,-68.3,1.81,75,0,5.75,AR,1685909723
13,st. john's,47.5649,-52.7093,5.66,97,100,10.36,CA,1685909720
14,vanersborg,58.3807,12.3234,13.97,67,9,1.14,SE,1685909724
15,lebu,-37.6167,-73.65,12.02,65,98,5.44,CL,1685909380
16,hithadhoo,-0.6,73.0833,28.37,73,100,7.9,MV,1685909725
17,nadi,-17.8,177.4167,24.0,78,20,6.91,FJ,1685909725
18,tual,-5.6667,132.75,27.27,80,39,17.38,ID,1685909616
19,pacific grove,36.6177,-121.9166,21.23,81,100,10.36,US,1685909475
20,thunder bay,48.4001,-89.3168,26.95,47,75,10.36,CA,1685909446
21,hammerfest,70.6634,23.6821,7.25,81,75,3.44,NO,1685909727
22,yellowknife,62.456,-114.3525,23.29,53,75,15.99,CA,1685909727
23,sungai penuh,-2.0833,101.3833,18.23,98,85,1.5,ID,1685909727
24,vilyuchinsk,52.9306,158.4028,9.15,92,100,9.66,RU,1685909728
25,weno,7.4515,151.8468,25.97,100,40,0.0,FM,1685909728
26,blackmans bay,-43.0167,147.3167,1.4,91,60,8.41,AU,1685909728
27,kapa'a,22.0752,-159.319,26.99,74,20,8.05,US,1685909729
28,mangrol,21.1167,70.1167,28.34,85,2,12.06,IN,1685909729
29,sohar,24.3643,56.7468,31.18,60,0,4.68,OM,1685909730
30,ceres,37.5949,-120.9577,34.18,30,0,4.61,US,1685909730
31,carnarvon,-24.8667,113.6333,19.49,67,39,10.27,AU,1685909730
32,punta arenas,-53.15,-70.9167,4.06,75,0,3.44,CL,1685909721
33,el calafate,-50.3408,-72.2768,2.16,71,100,6.13,AR,1685909731
34,ciudad melchor muzquiz,27.8833,-101.5167,29.63,43,13,5.59,MX,1685909544
35,matoury,4.8483,-52.3317,27.98,74,40,10.36,GF,1685909731
36,isafjordur,66.0755,-23.124,9.29,78,85,10.78,IS,1685909732
37,port mathurin,-19.6833,63.4167,24.87,79,37,26.89,MU,1685909732
38,mankoeng,-23.9,29.8167,15.01,35,3,3.51,ZA,1685909732
39,tolanaro,-25.0319,46.9987,20.79,91,100,10.31,MG,1685909549
40,saint-pierre,-21.3393,55.4781,20.82,64,0,5.75,RE,1685909733
41,sitka,57.0531,-135.33,11.94,76,75,11.5,US,1685909733
42,pisco,-13.7,-76.2167,23.03,64,0,6.91,PE,1685909451
43,happy valley-goose bay,53.3168,-60.3315,22.17,20,40,9.22,CA,1685909734
44,charters towers,-20.1,146.2667,16.49,87,34,7.23,AU,1685909734
45,vilyuysk,63.7553,121.6247,7.73,73,3,8.59,RU,1685909734
46,invercargill,-46.4,168.35,6.89,81,100,4.16,NZ,1685909735
47,iqaluit,63.7506,-68.5145,4.85,75,75,20.71,CA,1685909735
48,manismata,-2.4667,111.0333,23.56,99,100,2.73,ID,1685909735
49,bethel,41.3712,-73.414,18.47,59,100,8.05,US,1685909735
50,georgetown,5.4112,100.3354,27.96,81,20,0.0,MY,1685909717
51,cruzeiro do sul,-29.5128,-51.9853,25.04,73,75,2.75,BR,1685909736
52,adam,22.3756,57.5233,30.74,40,0,4.7,OM,1685909736
53,qamdo,31.1667,97.2333,3.92,46,5,2.44,CN,1685909737
54,puerto ayora,-0.7393,-90.3518,28.98,91,56,8.01,EC,1685909737
55,luderitz,-26.6481,15.1594,12.73,79,0,9.84,,1685909737
56,petropavlovsk-kamchatsky,53.0452,158.6483,8.33,71,75,13.42,RU,1685909737
57,borogontsy,62.6683,131.1683,12.82,66,92,3.04,RU,1685909540
58,ribeira grande,38.5167,-28.7,20.43,88,40,6.91,PT,1685909738
59,thompson,55.7435,-97.8558,19.09,59,75,9.22,CA,1685909605
60,college,64.8569,-147.8028,15.05,60,75,8.05,US,1685909738
61,nikel,69.4128,30.222,6.1,59,53,6.67,RU,1685909523
62,constitucion,-35.3333,-72.4167,15.21,62,73,12.84,CL,1685909595
63,chui,-33.6971,-53.4616,17.99,82,100,8.9,UY,1685909739
64,labrador city,52.9463,-66.9114,21.95,17,40,8.05,CA,1685909739
65,kilju,40.9642,129.3278,14.38,54,0,5.84,KP,1685909740
66,port elizabeth,-33.918,25.5701,15.05,71,0,5.75,ZA,1685909740
67,uturoa,-16.7333,-151.4333,26.23,73,77,11.41,PF,1685909740
68,tadjourah,12.0,42.5,29.29,53,58,3.2,DJ,1685909741
69,fomboni,-12.28,43.7425,26.74,74,7,7.61,KM,1685909741
70,makoua,0.0069,15.6333,24.01,89,67,3.4,CG,1685909741
71,huambo,-12.7761,15.7392,17.81,41,34,2.59,AO,1685909742
72,parry sound,45.3501,-80.033,20.03,52,6,4.99,CA,1685909485
73,rio grande,-32.035,-52.0986,22.06,97,100,11.18,BR,1685909742
74,ust-nera,64.5667,143.2,12.92,49,89,4.03,RU,1685909742
75,west island,-12.1568,96.8225,25.99,78,100,16.11,CC,1685909743
76,ilulissat,69.2167,-51.1,1.01,69,75,3.44,GL,1685909743
77,bandon,51.7469,-8.7425,15.77,80,1,3.31,IE,1685909743
78,essaouira,31.5125,-9.77,20.72,78,100,11.5,MA,1685909743
79,stanley,54.868,-1.6985,11.52,83,0,6.91,GB,1685909744
80,labytnangi,66.6572,66.4183,12.72,76,64,8.1,RU,1685909744
81,puttalam,8.0362,79.8283,27.49,85,50,16.73,LK,1685909744
82,montevideo,-34.8335,-56.1674,14.84,77,0,9.22,UY,1685909559
83,ambatondrazaka,-17.8333,48.4167,14.52,96,32,4.32,MG,1685909745
84,bantay,17.5847,120.3892,26.25,85,100,4.25,PH,1685909745
85,enewetak,11.3474,162.3373,27.82,77,92,12.17,MH,1685909745
86,vila franca do campo,37.7167,-25.4333,21.23,86,28,7.4,PT,1685909745
87,sur,22.5667,59.5289,33.16,46,0,12.1,OM,1685909746
88,whitehorse,60.7161,-135.0538,17.23,42,99,4.0,CA,1685909468
89,anadyr,64.75,177.4833,6.67,61,0,17.9,RU,1685909746
90,sisimiut,66.9395,-53.6735,0.94,69,28,10.31,GL,1685909746
91,gargalianoi,37.0667,21.6333,20.75,81,0,4.45,GR,1685909747
92,beckley,37.7782,-81.1882,27.94,64,75,11.5,US,1685909747
93,albany,42.6001,-73.9662,17.47,52,94,3.0,US,1685909632
94,lensk,60.7253,114.9278,5.16,79,94,5.03,RU,1685909747
95,geraldton,-28.7667,114.6,18.23,77,75,13.8,AU,1685909559
96,illizi,26.4833,8.4667,32.5,10,0,8.1,DZ,1685909748
97,mahibadhoo,3.7833,72.9667,28.28,77,100,18.66,MV,1685909749
98,paphos,34.7667,32.4167,19.88,77,20,3.44,CY,1685909531
99,tobruk,32.0836,23.9764,21.0,73,77,6.49,LY,1685909749
100,porto velho,-8.7619,-63.9039,32.03,55,40,6.91,BR,1685909750
101,kertih,4.5141,103.4483,25.54,91,100,3.44,MY,1685909750
102,hermanus,-34.4187,19.2345,11.0,67,100,22.39,ZA,1685909750
103,wailua homesteads,22.0669,-159.378,26.24,74,20,8.05,US,1685909750
104,mount pearl,47.5166,-52.7813,5.19,97,100,10.36,CA,1685909751
105,hawaiian paradise park,19.5933,-154.9731,25.73,78,75,6.91,US,1685909751
106,sao jose da coroa grande,-8.8978,-35.1478,26.16,79,9,11.05,BR,1685909751
107,richards bay,-28.783,32.0377,18.91,80,100,5.14,ZA,1685909707
108,cooma,-36.2333,149.1333,3.17,97,100,3.44,AU,1685909752
109,fort bragg,35.139,-79.006,22.89,62,40,9.22,US,1685909752
110,afaahiti,-17.75,-149.2833,25.93,72,81,11.14,PF,1685909752
111,mahina,-17.5065,-149.489,26.87,65,40,5.75,PF,1685909753
112,tiksi,71.6872,128.8694,0.81,98,100,3.67,RU,1685909753
113,sidi khaled,34.387,4.9879,27.27,41,78,12.08,DZ,1685909753
114,atafu village,-8.5421,-172.5159,28.5,76,22,14.05,TK,1685909753
115,alma,48.5501,-71.6491,21.17,31,0,5.03,CA,1685909754
116,glace bay,46.1969,-59.957,7.25,96,100,13.8,CA,1685909754
117,fort st. john,56.2499,-120.8529,17.94,39,20,24.16,CA,1685909556
118,pathalgaon,22.5667,83.4667,26.59,50,98,1.57,IN,1685909754
119,melenci,45.5139,20.3172,14.97,75,92,8.23,RS,1685909755
120,mogocha,53.7333,119.7667,10.01,80,100,2.91,RU,1685909755
121,christchurch,-43.5333,172.6333,6.64,81,100,8.05,NZ,1685909755
122,karratha,-20.7377,116.8463,20.56,64,19,4.9,AU,1685909755
123,antsiranana,-12.2787,49.2917,24.02,74,0,17.05,MG,1685909756
124,tura,25.5198,90.2201,25.64,45,0,3.74,IN,1685909756
125,tegueste,28.5167,-16.3167,19.99,72,20,8.05,ES,1685909756
126,el paso,31.8001,-106.2005,31.74,20,40,5.75,US,1685909731
127,dapa,9.7594,126.0531,27.72,77,100,5.91,PH,1685909757
128,palikir - national government center,6.9248,158.1611,27.85,75,97,5.7,FM,1685909757
129,tsiombe,-25.3,45.4833,21.56,76,100,3.65,MG,1685909757
130,chibougamau,49.9168,-74.3659,22.79,17,0,9.22,CA,1685909758
131,yeppoon,-23.1333,150.7333,17.88,81,0,17.18,AU,1685909758
132,puerto natales,-51.7236,-72.4875,5.25,65,75,2.3,CL,1685909758
133,sinop,41.7711,34.8709,14.34,99,100,3.85,TR,1685909758
134,kurchatov,51.6601,35.6521,9.23,67,68,4.05,RU,1685909759
135,utrik,11.2278,169.8474,26.93,82,100,18.88,MH,1685909759
136,kamaishi,39.2667,141.8833,13.86,82,5,5.99,JP,1685909759
137,coronel suarez,-37.4547,-61.9334,11.9,30,0,5.59,AR,1685909759
138,margaret river,-33.95,115.0667,13.22,74,94,20.78,AU,1685909760
139,kodiak,57.79,-152.4072,6.73,93,100,12.66,US,1685909760
140,murghob,38.1702,73.9667,5.4,36,97,3.47,TJ,1685909760
141,avarua,-21.2078,-159.775,22.47,68,28,10.29,CK,1685909760
142,badger,64.8,-147.5333,15.0,57,100,8.05,US,1685909761
143,bredy,52.4153,60.3411,20.84,55,13,10.65,RU,1685909761
144,sumbawa besar,-8.5,117.4333,22.16,95,99,4.09,ID,1685909761
145,kinkala,-4.3614,14.7644,21.25,94,21,4.34,CG,1685909762
146,talnakh,69.4865,88.3972,2.63,90,28,3.83,RU,1685909531
147,montepuez,-13.1256,38.9997,17.62,96,0,4.07,MZ,1685909690
148,lospalos,-8.5186,127.0025,20.42,88,100,4.99,TL,1685909763
149,khanty-mansiysk,61.0042,69.0019,19.06,77,0,0.0,RU,1685909763
150,ust'-kulom,61.6864,53.6902,7.05,89,1,5.37,RU,1685909764
151,arraial do cabo,-22.9661,-42.0278,22.92,73,0,8.05,BR,1685909764
152,arteche,12.2645,125.4048,25.88,87,95,2.1,PH,1685909764
153,qaqortoq,60.7167,-46.0333,1.22,99,100,3.76,GL,1685909765
154,taoudenni,22.6783,-3.9836,33.98,13,0,9.15,ML,1685909765
155,bredasdorp,-34.5322,20.0403,10.79,70,98,21.56,ZA,1685909766
156,acapulco de juarez,16.8634,-99.8901,31.9,58,0,6.91,MX,1685909766
157,riosucio,5.4216,-75.7032,22.86,67,95,2.77,CO,1685909699
158,mariental,-24.6333,17.9667,11.8,41,0,8.84,,1685909767
159,dunedin,-45.8742,170.5036,6.62,82,100,7.27,NZ,1685909767
160,gisborne,-38.6533,178.0042,10.34,84,94,2.35,NZ,1685909767
161,aral,40.5156,81.2636,22.52,18,69,8.32,CN,1685909768
162,bel ombre,-4.6167,55.4167,27.91,74,40,14.97,SC,1685909768
163,katsuura,35.1333,140.3,19.07,84,91,7.4,JP,1685909768
164,klyuchi,52.2667,79.1667,22.85,51,0,5.61,RU,1685909769
165,tokar,18.4254,37.729,32.29,52,2,4.23,SD,1685909769
166,san patricio,28.017,-97.5169,33.42,42,22,9.69,US,1685909769
167,lan sak,15.4529,99.5761,26.51,77,100,3.74,TH,1685909770
168,mogok,22.9167,96.5,18.45,88,12,2.91,MM,1685909770
169,nyurba,63.2842,118.3319,5.96,69,99,8.66,RU,1685909457
170,vorgashor,67.5833,63.95,14.31,70,100,10.85,RU,1685909770
171,aasiaat,68.7098,-52.8699,-0.82,73,11,9.08,GL,1685909771
172,iskateley,67.6803,53.1512,13.09,87,100,15.17,RU,1685909771
173,fale old settlement,-9.3852,-171.2468,28.51,74,55,13.94,TK,1685909772
174,stephenville,32.2207,-98.2023,29.41,61,75,0.0,US,1685909772
175,ust'-ilimsk,58.0006,102.6619,12.43,53,100,3.96,RU,1685909736
176,aroma,15.8167,36.1333,35.79,29,89,9.86,SD,1685909774
177,qui nhon,13.7667,109.2333,25.92,86,93,5.48,VN,1685909774
178,ubari,26.5921,12.7805,34.17,9,43,11.41,LY,1685909774
179,new norfolk,-42.7826,147.0587,2.06,87,93,3.06,AU,1685909775
180,egilsstadir,65.2653,-14.3948,14.95,47,75,18.41,IS,1685909775
181,longyearbyen,78.2186,15.6401,2.91,70,75,5.75,SJ,1685909775
182,anloga,5.7947,0.8973,27.55,81,100,16.51,GH,1685909775
183,quellon,-43.1167,-73.6167,10.14,76,100,12.66,CL,1685909776
184,launceston,-41.45,147.1667,6.86,96,100,4.61,AU,1685909776
185,dos palos,36.9861,-120.6266,34.13,18,0,7.09,US,1685909777
186,saint-philippe,-21.3585,55.7679,20.77,77,34,11.18,RE,1685909777
187,posto fiscal rolim de moura,-13.0833,-62.2667,30.25,56,76,0.98,BR,1685909777
188,lazaro cardenas,17.9583,-102.2,30.58,57,10,11.99,MX,1685909479
189,kitimat,54.0524,-128.6534,14.82,65,93,7.0,CA,1685909778
190,nova sintra,14.8667,-24.7167,20.48,81,15,5.23,CV,1685909779
191,port alfred,-33.5906,26.891,15.64,49,2,14.76,ZA,1685909779
192,kailua-kona,19.6406,-155.9956,27.93,74,0,9.22,US,1685909715
193,bilibino,68.0546,166.4372,6.53,89,100,5.17,RU,1685909780
194,calama,-22.4667,-68.9333,23.27,5,0,18.41,CL,1685909780
195,kudahuvadhoo,2.6708,72.8944,28.32,73,100,10.63,MV,1685909780
196,baracoa,20.3467,-74.4958,31.38,61,0,10.85,CU,1685909781
197,west bay,19.3667,-81.4167,32.04,72,20,12.66,KY,1685909781
198,martapura,-3.4167,114.85,25.05,100,100,3.44,ID,1685909781
199,megalopoli,37.4011,22.1422,19.67,81,8,2.89,GR,1685909782
200,minas de marcona,-15.2119,-75.1103,18.35,61,0,15.03,PE,1685909782
201,lihue,21.9789,-159.3672,26.58,68,20,8.05,US,1685909782
202,twon-brass,4.3151,6.2418,26.77,83,98,9.24,NG,1685909782
203,singaraja,-8.112,115.0882,25.73,83,97,3.58,ID,1685909783
204,berrahal,36.8353,7.4533,17.85,91,34,1.88,DZ,1685909783
205,belmonte,-15.8631,-38.8828,23.84,70,3,8.84,BR,1685909783
206,hamilton,39.1834,-84.5333,30.14,51,0,10.36,US,1685909666
207,basoko,1.2391,23.616,20.75,95,100,3.53,CD,1685909784
208,huarmey,-10.0681,-78.1522,24.41,68,0,12.39,PE,1685909784
209,kolonia town,6.964,158.206,28.44,75,98,5.77,FM,1685909785
210,kingston,17.997,-76.7936,32.89,70,20,9.22,JM,1685909543
211,mcpherson,38.3708,-97.6642,31.31,41,80,11.39,US,1685909785
212,bodo,67.28,14.405,6.08,82,75,25.32,NO,1685909785
213,jamestown,42.097,-79.2353,23.07,30,20,11.5,US,1685909568
214,kenai,60.5544,-151.2583,15.01,56,100,4.61,US,1685909786
215,al fqih ben calah,32.5009,-6.6906,24.53,50,100,14.92,MA,1685909526
216,sinjar,36.3209,41.8754,26.38,28,3,10.76,IQ,1685909787
217,tofol,5.3248,163.0078,28.32,76,100,12.57,FM,1685909787
218,buta,2.7858,24.73,21.08,100,100,1.95,CD,1685909787
219,anand,22.5667,72.9333,30.4,67,0,11.56,IN,1685909788
220,nouadhibou,20.931,-17.0347,19.52,86,0,17.27,MR,1685909788
221,cabo san lucas,22.8909,-109.9124,33.12,42,20,3.44,MX,1685909572
222,laojunmiao,39.8333,97.7333,10.72,67,100,6.22,CN,1685909789
223,colinas,-6.0258,-44.2492,30.35,54,96,5.06,BR,1685909789
224,camana,-16.6228,-72.7111,20.05,74,3,10.31,PE,1685909789
225,kimamba,-6.7833,37.1333,19.98,83,13,2.39,TZ,1685909790
226,santa rosalia,27.3167,-112.2833,29.14,30,42,4.41,MX,1685909790
227,belyy yar,53.6039,91.3903,13.94,88,0,4.47,RU,1685909587
228,siwa oasis,29.2041,25.5195,30.19,23,28,8.12,EG,1685909791
229,cradock,-32.1642,25.6192,9.39,58,39,14.05,ZA,1685909791
230,okhotsk,59.3833,143.3,8.43,80,74,5.3,RU,1685909514
231,ormara,25.2088,64.6357,28.22,89,1,11.01,PK,1685909791
232,hasaki,35.7333,140.8333,18.45,77,100,3.02,JP,1685909233
233,la passe,45.5549,-0.8967,19.46,89,98,5.5,FR,1685909792
234,ulaangom,49.9811,92.0667,15.74,59,69,1.41,MN,1685909792
235,porto novo,6.4965,2.6036,28.9,80,97,9.98,BJ,1685909792
236,colonia,50.9333,6.95,20.13,40,0,9.22,DE,1685909607
237,mata-utu,-13.2816,-176.1745,27.56,78,56,21.27,WF,1685909793
238,napili-honokowai,20.9708,-156.6705,28.64,74,100,8.93,US,1685909793
239,fukuecho,32.6881,128.8419,21.31,72,100,10.47,JP,1685909794
240,east london,-33.0153,27.9116,15.3,74,4,7.92,ZA,1685909794
241,saint-louis,16.3333,-15.0,35.61,16,10,12.68,SN,1685909633
242,khandyga,62.6667,135.6,13.33,68,77,1.88,RU,1685909794
243,gorontalo,0.5412,123.0595,24.03,94,100,2.1,ID,1685909795
244,los llanos de aridane,28.6585,-17.9182,20.86,91,75,8.05,ES,1685909795
245,parauapebas,-6.0675,-49.9022,29.99,65,20,5.75,BR,1685909795
246,saipan,15.1355,145.701,27.58,100,40,11.5,MP,1685909755
247,mbaiki,3.8678,17.9892,21.93,93,78,2.64,CF,1685909796
248,inhambane,-23.865,35.3833,23.71,80,0,14.58,MZ,1685909797
249,sabang,5.8933,95.3214,28.41,76,85,23.38,ID,1685909797
250,fort mcmurray,56.7268,-111.381,23.77,78,40,12.66,CA,1685909798
251,olonkinbyen,70.9221,-8.7187,-0.31,85,20,10.04,SJ,1685909798
252,andergrove,-21.0833,149.1833,20.91,88,63,9.82,AU,1685909799
253,bardai,11.65,7.2333,26.8,53,62,11.9,NG,1685909799
254,yinchuan,38.4681,106.2731,19.85,23,100,0.74,CN,1685909800
255,zhumadian,32.9794,114.0294,16.66,95,100,4.72,CN,1685909800
256,keflavik,64.0049,-22.5624,9.95,93,75,17.27,IS,1685909800
257,ebon,4.582,168.6964,28.52,74,97,7.81,MH,1685909800
258,marquelia,16.5833,-98.8167,31.97,55,0,11.9,MX,1685909801
259,gamboula,4.1178,15.1393,20.78,98,98,5.79,CF,1685909801
260,mandera,3.9366,41.867,28.47,55,92,13.02,KE,1685909801
261,ploudalmezeau,48.5333,-4.65,19.14,72,0,9.22,FR,1685909801
262,magadan,59.5667,150.8,10.85,64,59,5.77,RU,1685909802
263,mtwara,-10.2667,40.1833,23.26,90,9,7.05,TZ,1685909802
264,susuman,62.7833,148.1667,11.44,54,92,5.48,RU,1685909802
265,ancud,-41.8697,-73.8203,9.52,76,100,9.33,CL,1685909803
266,manakara,-22.1333,48.0167,19.78,90,15,5.77,MG,1685909803
267,takoradi,4.8845,-1.7554,26.23,85,100,7.29,GH,1685909668
268,sao miguel do araguaia,-13.275,-50.1628,32.34,33,9,2.01,BR,1685909803
269,naze,28.3667,129.4833,20.74,70,92,3.22,JP,1685909238
270,whakatane,-37.9585,176.9854,12.51,97,100,5.99,NZ,1685909804
271,ta`u,-14.2336,-169.5144,27.15,71,88,14.36,AS,1685909804
272,chonchi,-42.6128,-73.8092,9.51,79,100,6.31,CL,1685909804
273,nagqu,31.5,92.0,2.59,33,6,3.67,CN,1685909805
274,newman,37.3138,-121.0208,34.19,24,0,3.0,US,1685909805
275,sinabang,2.4803,96.3801,26.38,81,100,2.51,ID,1685909805
276,sarakhs,36.5449,61.1577,29.3,14,0,7.78,IR,1685909806
277,kone,-21.0595,164.8658,19.5,76,11,3.74,NC,1685909806
278,jayapura,-2.5333,140.7,23.66,91,87,5.1,ID,1685909806
279,chimoio,-19.1164,33.4833,21.92,68,0,3.4,MZ,1685909806
280,novyy urgal,51.0736,132.5642,7.58,93,9,1.99,RU,1685909807
281,mar del plata,-38.0023,-57.5575,13.94,60,20,16.11,AR,1685909679
282,portland,45.5234,-122.6762,23.41,51,20,12.66,US,1685909517
283,horta,38.5333,-28.6333,20.01,85,40,6.91,PT,1685909807
284,buka,40.8108,69.1986,24.15,26,99,3.4,UZ,1685909808
285,kerikeri,-35.2268,173.9474,9.02,93,23,5.35,NZ,1685909808
286,thivai,38.325,23.3189,21.0,56,4,2.91,GR,1685909808
287,priob'ye,62.5206,65.5964,16.49,85,13,4.72,RU,1685909808
288,gunjur,13.2019,-16.7339,26.04,78,0,4.61,GM,1685909780
289,kruisfontein,-34.0033,24.7314,13.82,58,44,15.39,ZA,1685909809
290,tindouf,27.6711,-8.1474,26.28,28,7,23.4,DZ,1685909809
291,tukrah,32.5341,20.5791,23.34,55,84,14.27,LY,1685909809
292,norfolk county,42.1668,-71.2495,11.93,79,100,4.0,US,1685909810
293,port moresby,-9.4431,147.1797,24.68,94,100,3.44,PG,1685909810
294,puerto deseado,-47.7503,-65.8938,7.55,47,30,10.83,AR,1685909810
295,kiunga,-6.1219,141.2906,22.49,100,58,1.81,PG,1685909810
296,antofagasta,-23.65,-70.4,17.6,74,41,5.12,CL,1685909805
297,mumford,5.2618,-0.759,26.77,82,100,11.23,GH,1685909811
298,aglona,56.1333,27.0167,7.54,96,72,6.06,LV,1685909811
299,hilo,19.7297,-155.09,26.82,73,75,6.91,US,1685909812
300,sola,-13.8833,167.55,26.5,80,95,22.19,VU,1685909812
301,bengkulu,-3.8004,102.2655,24.04,92,99,4.07,ID,1685909812
302,as sulayyil,20.4607,45.5779,32.14,15,0,7.58,SA,1685909813
303,lake havasu city,34.4839,-114.3224,39.48,9,1,3.0,US,1685909813
304,nova vicosa,-17.8919,-39.3719,23.46,68,70,6.82,BR,1685909813
305,karakulino,56.012,53.7067,10.69,71,3,11.25,RU,1685909814
306,bonthe,7.5264,-12.505,26.99,82,59,5.97,SL,1685909814
307,bolotnoye,55.6717,84.3981,19.32,69,17,6.38,RU,1685909814
308,kanel,15.4916,-13.1763,37.85,15,99,7.09,SN,1685909814
309,laguna,38.421,-121.4238,34.63,34,0,6.91,US,1685909815
310,birjand,32.8663,59.2211,22.26,23,0,6.91,IR,1685909815
311,nogliki,51.8333,143.1667,4.28,88,100,7.67,RU,1685909815
312,rosetta,31.4044,30.4164,20.8,75,21,7.92,EG,1685909816
313,copala,16.65,-98.9833,31.41,56,0,11.56,MX,1685909816
314,tessaoua,13.7574,7.9874,30.11,50,94,17.25,NE,1685909816
315,damavand,35.7178,52.065,19.24,50,47,2.26,IR,1685909816
316,bongaree,-27.0797,153.1586,18.92,83,100,19.51,AU,1685909817
317,broome,42.2506,-75.833,21.61,38,0,14.97,US,1685909817
318,ust-tsilma,65.441,52.1498,8.18,80,100,10.2,RU,1685909818
319,kill devil hills,36.0307,-75.676,19.0,72,0,14.97,US,1685909818
320,puerto baquerizo moreno,-0.9,-89.6,27.55,89,75,11.5,EC,1685909818
321,indramayu,-6.3264,108.32,26.0,82,59,4.14,ID,1685909818
322,vyshniy volochek,57.5913,34.5645,8.1,91,95,7.72,RU,1685909819
323,hadibu,12.65,54.0333,29.66,76,100,8.86,YE,1685909819
324,bikenibeu village,1.3673,173.1241,29.98,74,40,5.75,KI,1685909819
325,la'ie,21.6477,-157.9253,27.28,70,100,5.99,US,1685909820
326,praia,14.9215,-23.5087,24.3,69,20,11.5,CV,1685909820
327,papatowai,-46.5619,169.4708,7.05,87,100,6.89,NZ,1685909821
328,maba,24.6841,113.5984,24.43,94,37,1.9,CN,1685909821
329,anyksciai,55.5256,25.1026,9.52,90,93,5.61,LT,1685909821
330,mananjary,-21.2167,48.3333,20.1,89,6,3.76,MG,1685909822
331,dwarka,22.2394,68.9678,28.39,85,0,15.26,IN,1685909822
332,coahuayana de hidalgo,18.7,-103.6583,32.55,52,33,8.5,MX,1685909822
333,udachny,66.4167,112.4,1.16,97,100,16.73,RU,1685909823
334,codrington,-38.2667,141.9667,13.82,78,100,15.05,AU,1685909823
335,kalabo,-14.97,22.6814,19.27,31,0,1.66,ZM,1685909823
336,okha,53.5739,142.9478,3.4,92,93,10.4,RU,1685909824
337,tazacorte,28.629,-17.9293,22.54,91,75,8.05,ES,1685909824
338,taltal,-25.4,-70.4833,17.58,77,57,3.47,CL,1685909824
339,tamanrasset,22.785,5.5228,27.95,12,0,8.05,DZ,1685909659
340,ippy,6.2679,21.2247,21.1,95,96,3.0,CF,1685909825
341,crane,31.3974,-102.3501,28.03,35,3,9.91,US,1685909826
342,levuka,50.1834,-105.4011,29.85,45,40,3.44,CA,1685909826
343,walvis bay,-22.9575,14.5053,13.38,78,0,11.92,,1685909826
344,cadale,2.7603,46.3222,27.42,76,100,16.53,SO,1685909827
345,itabira,-19.6192,-43.2269,19.21,64,0,1.66,BR,1685909705
346,lagos,6.5833,3.75,26.23,89,78,6.2,NG,1685909701
347,flying fish cove,-10.4217,105.6791,24.82,83,100,9.22,CX,1685909828
348,touros,-5.1989,-35.4608,26.81,78,66,15.05,BR,1685909828
349,tazovsky,67.4667,78.7,9.35,64,100,14.12,RU,1685909828
350,sussex,41.1834,-74.6663,21.14,49,100,11.5,US,1685909829
351,lu-uk,5.9684,121.3122,26.23,85,95,1.01,PH,1685909829
352,castillos,-34.1667,-53.8333,16.64,79,100,11.86,UY,1685909829
353,harper,4.375,-7.7169,26.1,81,90,7.83,LR,1685909830
354,la rinconada,37.4873,-5.9826,27.1,52,0,6.91,ES,1685909830
355,fort wellington,6.4,-57.6,28.64,70,20,7.99,GY,1685909831
356,lycksele,64.5954,18.6735,8.93,61,20,10.36,SE,1685909831
357,nichinan,31.6,131.3667,18.82,70,62,4.25,JP,1685909831
358,muisne,0.6,-80.0333,26.35,78,100,5.19,EC,1685909832
359,dalandzadgad,43.5708,104.425,15.15,36,30,3.0,MN,1685909832
360,zuni pueblo,35.0725,-108.8506,26.35,17,100,5.32,US,1685909832
361,ain touta,35.3768,5.9,20.61,60,92,5.82,DZ,1685909833
362,salekhard,66.53,66.6019,12.89,76,50,8.79,RU,1685909833
363,pudozh,61.8099,36.5345,4.48,98,16,6.31,RU,1685909833
364,isangel,-19.55,169.2667,19.06,94,20,0.0,VU,1685909835
365,ambon,-3.6954,128.1814,28.69,50,40,5.75,ID,1685909835
366,sterling,39.0062,-77.4286,25.76,50,75,5.01,US,1685909835
367,orapa,-21.2833,25.3667,21.2,32,0,3.56,BW,1685909836
368,padre bernardo,-15.35,-48.5,28.23,28,0,3.62,BR,1685909836
369,la toma,-33.0526,-65.6238,13.24,34,100,7.45,AR,1685909836
370,santa marta,11.2408,-74.199,28.27,77,75,11.5,CO,1685909693
371,north bay,46.3168,-79.4663,23.86,35,100,6.91,CA,1685909837
372,alice springs,-23.7,133.8833,7.75,100,75,0.0,AU,1685909658
373,vadso,70.0744,29.7487,6.49,70,75,3.44,NO,1685909838
374,nakamura,32.9833,132.9333,16.1,72,73,4.65,JP,1685909838
375,birao,10.2849,22.7882,25.41,76,51,5.12,CF,1685909838
376,duong dong,10.2167,103.9667,28.0,83,40,5.75,VN,1685909839
377,igarka,67.4667,86.5833,7.15,86,94,13.44,RU,1685909839
378,kristiansund,63.1115,7.732,10.03,76,75,11.5,NO,1685909839
379,sao felix do xingu,-6.6447,-51.995,29.96,60,91,4.61,BR,1685909611
380,al qitena,14.8648,32.3668,34.8,30,95,3.85,SD,1685909840
381,gadzhiyevo,69.2551,33.3362,4.39,67,100,11.05,RU,1685909840
382,alofi,-19.0595,-169.9187,24.19,72,100,15.84,NU,1685909841
383,kodinsk,58.6881,99.1844,14.1,50,100,3.87,RU,1685909841
384,oruro,-17.9833,-67.15,14.17,7,0,5.88,BO,1685909841
385,korla,41.7597,86.1469,22.64,24,94,6.06,CN,1685909842
386,mount gambier,-37.8333,140.7667,14.37,77,68,10.07,AU,1685909842
387,san sebastian de la gomera,28.0916,-17.1133,22.2,83,100,4.61,ES,1685909842
388,nar'yan-mar,67.6713,53.087,12.69,87,100,16.31,RU,1685909843
389,badr hunayn,23.7829,38.7905,34.06,31,99,3.38,SA,1685909844
390,ashmun,30.2986,30.9764,25.47,51,52,8.7,EG,1685909844
391,ponta delgada,37.7333,-25.6667,21.4,78,40,11.5,PT,1685909844
392,aki,33.5,133.9,15.97,61,67,5.59,JP,1685909845
393,itigi,-5.7,34.4833,19.27,64,63,8.21,TZ,1685909845
394,kidal,18.4411,1.4078,36.42,13,100,11.45,ML,1685909845
395,basco,20.4487,121.9702,27.14,82,81,16.37,PH,1685909846
396,port lincoln,-34.7333,135.8667,16.14,83,97,11.05,AU,1685909846
397,fiambala,-27.6871,-67.6149,17.78,55,40,7.18,AR,1685909846
398,benalup-casas viejas,36.3239,-5.769,23.55,82,75,5.23,ES,1685909847
399,outjo,-20.1167,16.15,13.27,29,0,7.23,,1685909847
400,santa cruz,-17.8,-63.1667,29.7,61,40,13.8,BO,1685909666
401,pemangkat,1.1667,108.9667,26.23,88,100,6.46,ID,1685909848
402,brokopondo,4.75,-55.1667,27.59,85,45,6.31,SR,1685909848
403,yarmouth,41.7057,-70.2286,12.08,91,100,25.99,US,1685909849
404,ceeldheer,3.8488,47.1806,27.08,79,99,17.29,SO,1685909849
405,mwinilunga,-11.7358,24.4293,15.14,47,19,1.66,ZM,1685909849
406,lahaina,20.8783,-156.6825,29.0,74,100,3.89,US,1685909850
407,howrah,22.5892,88.3103,30.0,89,40,9.22,IN,1685909850
408,dudinka,69.4058,86.1778,1.9,80,2,14.2,RU,1685909850
409,astrakhan,46.3497,48.0408,22.93,60,0,11.18,RU,1685909851
410,moroto,2.5345,34.6666,21.02,51,100,6.85,UG,1685909851
411,sao geraldo do araguaia,-6.4006,-48.555,28.12,78,100,0.76,BR,1685909851
412,mukalla,14.5425,49.1242,29.7,77,50,1.79,YE,1685909851
413,baishishan,43.5833,127.5667,10.7,75,0,4.12,CN,1685909852
414,smithers,54.7804,-127.1743,10.18,62,75,8.05,CA,1685909852
415,lasalgaon,20.15,74.2333,28.17,53,4,7.99,IN,1685909852
416,vernon,50.2581,-119.2691,27.39,20,0,3.44,CA,1685909853
417,san antonio de pale,-1.4014,5.6325,25.46,90,36,8.97,GQ,1685909853
418,murzuq,25.9155,13.9184,35.2,6,1,10.45,LY,1685909853
419,padina,45.1181,20.7272,16.82,68,56,12.66,RS,1685909854
420,pandan,14.0453,124.1694,26.77,85,94,6.4,PH,1685909854
421,la sarre,48.8002,-79.1996,24.08,30,100,1.59,CA,1685909589
422,mahenge,-8.6833,36.7167,16.95,76,7,2.19,TZ,1685909854
423,hopkinsville,36.8656,-87.4886,32.79,53,16,9.24,US,1685909620
424,fort abbas,29.1925,72.8536,33.73,37,16,7.02,PK,1685909855
425,forster,-32.1667,152.5167,13.54,95,100,8.72,AU,1685909855
426,ampanihy,-24.7,44.75,20.47,61,49,4.03,MG,1685909837
427,fisterra,42.9049,-9.2629,18.34,86,12,5.12,ES,1685909856
428,tralee,52.2704,-9.7026,20.14,68,0,4.61,IE,1685909856
429,prince rupert,54.3161,-130.3201,11.05,76,75,6.91,CA,1685909856
430,aleksandrovsk-sakhalinskiy,50.8975,142.1561,6.28,81,100,5.21,RU,1685909857
431,masterton,-40.9597,175.6575,11.6,96,100,10.11,NZ,1685909857
432,laurinburg,34.7741,-79.4628,22.19,62,75,11.77,US,1685909857
433,leua,48.2156,18.6071,17.5,62,100,4.79,SK,1685909858
434,sokoni,-6.4333,39.55,26.03,80,1,11.03,TZ,1685909858
435,roma,43.2128,-75.4557,21.08,39,75,11.5,US,1685909585
436,al ghayzah,16.2079,52.176,28.54,79,0,10.83,YE,1685909859
437,namibe,-15.1961,12.1522,19.28,71,0,6.85,AO,1685909312
438,maholi,27.6667,80.4667,31.46,37,63,7.52,IN,1685909859
439,waddan,29.1614,16.139,33.28,20,74,15.82,LY,1685909860
440,kolondieba,11.0882,-6.8926,28.17,62,86,7.92,ML,1685909860
441,bathurst,-33.4166,149.5806,10.46,84,100,1.01,AU,1685909860
442,yuzhno-kurilsk,44.0306,145.8556,8.29,86,59,5.06,RU,1685909860
443,hacienda huancane,-15.8222,-70.8856,9.75,17,4,4.0,PE,1685909861
444,broken hill,-31.95,141.4333,14.51,88,100,19.8,AU,1685909861
445,sault ste. marie,46.5168,-84.3333,27.31,30,0,9.22,CA,1685909787
446,juneau,58.3019,-134.4197,12.45,66,100,5.75,US,1685909862
447,elko,41.0002,-115.5012,19.86,37,100,7.0,US,1685909768
448,pajok,3.8651,32.4821,22.25,64,100,2.98,SS,1685909862
449,molde,62.7375,7.1591,10.95,76,75,9.22,NO,1685909639
450,toormina,-30.3526,153.0903,15.03,88,100,8.05,AU,1685909863
451,marabba,12.35,32.1833,32.63,40,20,10.18,SD,1685909863
452,yemva,62.59,50.8594,6.03,84,2,5.32,RU,1685909727
453,bailesti,44.0167,23.35,13.95,73,99,3.51,RO,1685909863
454,padang,-0.9492,100.3543,25.1,90,100,3.62,ID,1685909864
455,acarau,-2.8856,-40.12,27.25,78,100,15.39,BR,1685909790
456,daru,-9.0763,143.2092,25.12,91,94,10.96,PG,1685909864
457,aljezur,37.3191,-8.8033,18.0,82,100,8.1,PT,1685909864
458,gizo,-8.103,156.8419,27.38,78,51,3.94,SB,1685909865
459,cartagena,10.3997,-75.5144,25.79,89,100,1.14,CO,1685909623
460,taskopru,41.5098,34.2141,15.3,97,100,4.81,TR,1685909865
461,kapuskasing,49.4169,-82.4331,27.05,24,100,3.44,CA,1685909865
462,talara,-4.5772,-81.2719,28.42,65,0,17.27,PE,1685909866
463,kismayo,-0.3582,42.5454,26.66,78,85,12.73,SO,1685909866
464,bridgewater,44.3835,-64.5155,10.06,96,100,9.22,CA,1685909716
465,cangas de onis,43.3284,-5.0718,15.93,92,100,3.24,ES,1685909867
466,znamensk,48.5842,45.7338,18.96,63,73,16.64,RU,1685909867
467,saint-laurent-du-maroni,5.5039,-54.0289,27.67,81,89,3.11,GF,1685909867
468,sho'rchi,38.0141,67.7899,26.9,21,10,10.38,UZ,1685909868
469,patterson,37.4716,-121.1297,33.34,33,0,3.91,US,1685909868
470,sechura,-5.5569,-80.8222,27.93,57,4,14.61,PE,1685909868
471,ulladulla,-35.35,150.4667,13.88,71,100,4.36,AU,1685909868
472,warwick,41.7001,-71.4162,13.28,70,100,17.27,US,1685909869
473,amursk,50.2261,136.8994,7.98,80,73,2.71,RU,1685909869
474,palmas de monte alto,-14.2672,-43.1619,28.45,26,0,4.92,BR,1685909869
475,nuuk,64.1835,-51.7216,0.34,100,100,16.11,GL,1685909721
476,popondetta,-8.7537,148.2534,21.91,95,100,2.89,PG,1685909870
477,pakenham,-38.0667,145.4833,12.75,90,100,3.89,AU,1685909870
478,najran,17.4924,44.1277,28.36,20,1,3.69,SA,1685909789
479,koraput,18.8167,82.7167,25.31,55,81,3.18,IN,1685909870
480,westport,41.1415,-73.3579,18.94,57,100,13.8,US,1685909871
481,nemuro,43.3236,145.575,8.38,90,98,6.53,JP,1685909871
482,angaur state,6.906,134.13,28.23,79,100,11.36,PW,1685909871
483,dryden,49.7833,-92.7503,28.16,47,0,4.61,CA,1685909770
484,lae,-6.7221,146.9847,23.84,88,78,5.59,PG,1685909872
485,myitkyina,25.3833,97.4,25.35,74,5,0.65,MM,1685909872
486,lionel town,17.8101,-77.2406,30.94,65,17,7.78,JM,1685909872
487,queenstown,-31.8976,26.8753,9.16,54,27,18.25,ZA,1685909873
488,kirensk,57.7853,108.1119,11.11,59,100,3.24,RU,1685909873
489,severnoye,56.3491,78.3619,20.53,56,0,3.96,RU,1685909873
490,itapecuru mirim,-3.3925,-44.3586,28.96,69,86,3.22,BR,1685909873
491,el bauga,18.262,33.9081,34.7,18,2,3.71,SD,1685909874
492,great falls,47.5002,-111.3008,24.82,45,0,0.0,US,1685909719
493,xining,36.6167,101.7667,9.44,79,100,0.65,CN,1685909874
494,mogadishu,2.0371,45.3438,26.65,81,100,13.09,SO,1685909593
495,ciudad acuna,29.3232,-100.9522,31.16,38,0,1.99,MX,1685909875
496,mil'kovo,55.6078,37.7956,11.22,65,81,7.92,RU,1685909875
497,weiser,44.251,-116.9693,29.38,36,16,3.0,US,1685909876
498,sumoto,34.35,134.9,18.02,78,54,2.86,JP,1685909876
499,derbent,42.0678,48.2899,21.01,80,95,2.44,RU,1685909876
500,fort saskatchewan,53.7168,-113.2187,27.65,41,12,5.75,CA,1685909876
501,beledweyne,4.7358,45.2036,27.98,61,99,18.61,SO,1685909877
502,yssingeaux,45.1333,4.1167,12.7,95,91,2.53,FR,1685909877
503,bassila,9.0081,1.6654,27.07,69,99,3.6,BJ,1685909877
504,el tocuyo,9.7873,-69.7937,31.73,48,93,8.52,VE,1685909877
505,meeuwen,51.0979,5.5194,18.27,49,16,3.44,BE,1685909878
506,nuku'alofa,-21.1333,-175.2,23.19,73,20,9.22,TO,1685909878
507,xilin hot,43.9667,116.0333,10.16,60,2,4.45,CN,1685909878
508,farafangana,-22.8167,47.8333,21.09,85,14,6.62,MG,1685909878
509,antonio enes,-16.2325,39.9086,24.52,84,0,9.75,MZ,1685909879
510,evergreen,39.6333,-105.3172,13.3,87,100,1.99,US,1685909879
511,inari,68.906,27.0288,9.11,68,84,3.29,FI,1685909879
512,pangody,65.85,74.4859,13.49,86,100,16.69,RU,1685909880
513,vuktyl,63.8567,57.3094,12.87,87,67,13.49,RU,1685909880
514,ganye,8.4333,12.0667,25.91,65,43,2.19,NG,1685909881
515,naro moru,-0.1676,37.0213,13.74,94,88,10.87,KE,1685909881
516,agat village,13.3886,144.6585,27.52,83,20,5.75,GU,1685909881
517,cockburn town,21.4612,-71.1419,28.5,73,98,2.93,TC,1685909882
518,el colorado,-26.3081,-59.3729,26.78,57,80,3.44,AR,1685909882
519,iquitos,-3.7481,-73.2472,32.02,66,40,3.44,PE,1685909882
520,ellsworth,44.5434,-68.4195,11.05,91,100,12.66,US,1685909883
521,aguilar,37.5148,-4.6572,22.23,52,99,6.26,ES,1685909883
522,bodaybo,57.8506,114.1933,6.41,86,40,1.23,RU,1685909883
523,geyve,40.5075,30.2925,16.76,96,100,3.96,TR,1685909884
524,burang,30.25,81.1667,2.57,77,93,3.56,CN,1685909884
525,akureyri,65.6835,-18.0878,14.96,44,75,10.36,IS,1685909884
526,hastings,50.8552,0.5729,14.18,34,2,17.72,GB,1685909885
527,novodvinsk,64.4165,40.8122,2.62,96,100,11.9,RU,1685909885
528,visakhapatnam,17.69,83.2093,28.61,67,96,1.79,IN,1685909886
529,uray,60.1247,64.7758,17.78,86,100,10.13,RU,1685909886
530,ajuy,11.1724,123.0197,25.25,92,100,0.4,PH,1685909886
531,lagodekhi,41.8268,46.2767,20.5,71,100,2.21,GE,1685909887
532,al bayda',32.7627,21.7551,21.2,45,53,5.53,LY,1685909887
533,esmeraldas,-19.7625,-44.3139,23.58,43,0,3.38,BR,1685909753
534,znamenskoye,57.1281,73.8282,20.46,67,0,3.85,RU,1685909888
535,phan thiet,10.9333,108.1,26.63,81,100,7.81,VN,1685909888
536,chegdomyn,51.1167,133.0167,7.35,92,10,1.41,RU,1685909888
537,hilton head island,32.2163,-80.7526,23.33,78,100,10.36,US,1685909889
538,belokurikha,51.9959,84.9896,18.63,86,97,4.23,RU,1685909890
539,ixtapa,20.7,-105.2,30.57,58,20,12.66,MX,1685909891
540,vila velha,-20.3297,-40.2925,23.3,79,0,4.61,BR,1685909891
541,betio village,1.358,172.9211,30.02,77,68,8.3,KI,1685909891
542,morehead city,34.7229,-76.726,21.03,76,75,14.97,US,1685909892
543,turpan,42.9333,89.1667,27.64,18,2,3.67,CN,1685909892
544,singrauli,24.1997,82.6753,28.81,27,8,3.62,IN,1685909892
545,pangoa,-12.1167,-73.0,29.17,48,3,4.63,PE,1685909893
546,zapolyarnyy,69.4154,30.8136,5.6,60,100,6.8,RU,1685909893
547,san jose del guaviare,2.5729,-72.6459,28.85,79,31,1.83,CO,1685909893
548,haiku-pauwela,20.9219,-156.3051,28.01,56,40,14.97,US,1685909894
549,jwaneng,-24.6004,24.7303,14.7,25,42,8.68,BW,1685909894
550,ilembula,-8.9,34.5833,15.71,89,22,10.0,TZ,1685909894
551,vicuna,-30.0319,-70.7081,28.76,17,4,5.28,CL,1685909895
552,male,4.1748,73.5089,28.26,79,100,19.51,MV,1685909895
553,armacao de buzios,-22.7469,-41.8817,24.03,81,0,12.55,BR,1685909896
554,mwene-ditu,-7.0,23.45,22.16,52,57,2.8,CD,1685909896
555,kingaroy,-26.5333,151.8333,13.02,98,100,6.64,AU,1685909896
556,mili,6.0815,171.735,28.57,77,90,12.37,MH,1685909722
557,alice town,25.7167,-79.3,26.66,73,65,8.23,BS,1685909897
558,san pedro,14.35,121.0167,27.57,88,75,3.44,PH,1685909898
559,bembereke,10.2283,2.6634,27.62,59,94,4.32,BJ,1685909898
560,novyy turtkul',41.55,61.0167,27.95,14,0,9.33,UZ,1685909898
561,puerto ayacucho,5.6639,-67.6236,28.99,75,94,2.3,VE,1685909899
562,dongargarh,21.2,80.7333,33.27,25,92,2.93,IN,1685909899
563,ivolginsk,51.7492,107.2837,9.81,81,20,2.24,RU,1685909900
564,coquimbo,-29.9533,-71.3436,17.85,72,0,13.8,CL,1685909608
565,sarpsborg,59.2839,11.1096,16.22,56,47,5.08,NO,1685909900
566,ulsteinvik,62.3432,5.8487,12.09,82,55,7.0,NO,1685909900
567,velikiy ustyug,60.7644,46.3106,7.2,75,11,8.21,RU,1685909901
568,fonte boa,-2.4959,-66.2662,24.97,96,100,2.73,BR,1685909901
569,luwuk,-0.9516,122.7875,25.24,90,97,5.08,ID,1685909902
570,pimenta bueno,-11.6725,-61.1936,29.96,64,41,1.28,BR,1685909902
571,alaghsas,17.0187,8.0168,35.39,16,65,7.7,NE,1685909902
572,balezino,57.9796,53.0106,6.68,91,0,3.78,RU,1685909903
